code_family,method,target_only,n_runs,target_distance,median_ler,q1_ler,q3_ler,min_ler,max_ler
"[[1225,49]]",beam,False,10,11,0.0017383,0.001716,0.0018679999999999999,0.0015482,0.002175
"[[1225,49]]",greedy,False,10,11,0.0019489,0.0019015,0.0020110500000000003,0.0017642,0.0020728
"[[1600,64]]",beam,False,10,12,0.0013920999999999998,0.00133875,0.0014418,0.0011856,0.0015504
"[[1600,64]]",greedy,False,10,12,0.0014061999999999998,0.0013688,0.00147505,0.0012688,0.0014998
"[[2025,81]]",beam,False,10,12,0.0009511,0.0008834,0.0009883000000000001,0.0008496,0.0010344
"[[2025,81]]",greedy,False,10,12,0.0009128999999999999,0.0008872000000000001,0.0009916500000000002,0.000859,0.0011156
"[[625,25]]",beam,False,10,9,0.0035871,0.00331695,0.0039822,0.0032116,0.0049286
"[[625,25]]",greedy,False,10,9,0.0037583,0.00348125,0.0039575,0.002944,0.0044082
