code,method,method_label,n_runs,q1_runtime_seconds,median_runtime_seconds,q3_runtime_seconds,iqr_runtime_seconds,mean_runtime_seconds,total_runtime_seconds,q1_runtime,median_runtime,q3_runtime,total_runtime
"[[625,25]]",greedy,Weighted score (greedy),10,738.0224999999999,856.075,965.635,227.61250000000007,834.833,8348.33,12m 18s,14m 16s,16m 6s,2h 19m 8s
"[[625,25]]",beam,Weighted score (beam),10,2578.8675,2752.76,3293.455,714.5875000000001,2924.28,29242.800000000003,42m 59s,45m 53s,54m 53s,8h 7m 23s
"[[1225,49]]",greedy,Weighted score (greedy),10,859.065,1025.79,1141.0825,282.0174999999999,993.3149999999999,9933.15,14m 19s,17m 6s,19m 1s,2h 45m 33s
"[[1225,49]]",beam,Weighted score (beam),10,2820.325,3028.25,3292.5025,472.17750000000024,3248.434,32484.34,47m,50m 28s,54m 53s,9h 1m 24s
"[[1600,64]]",greedy,Weighted score (greedy),10,1000.6775,1083.375,1210.4225000000001,209.74500000000012,1111.1160000000002,11111.160000000002,16m 41s,18m 3s,20m 10s,3h 5m 11s
"[[1600,64]]",beam,Weighted score (beam),10,2870.8475,2966.235,3554.3424999999997,683.4949999999999,3377.72,33777.2,47m 51s,49m 26s,59m 14s,9h 22m 57s
"[[2025,81]]",greedy,Weighted score (greedy),10,1553.5325,1720.89,1981.8525,428.31999999999994,1797.1469999999997,17971.469999999998,25m 54s,28m 41s,33m 2s,4h 59m 31s
"[[2025,81]]",beam,Weighted score (beam),10,4231.5725,4589.1900000000005,5836.0599999999995,1604.4874999999993,5155.447,51554.47,1h 10m 32s,1h 16m 29s,1h 37m 16s,14h 19m 14s
